{
    "dummy": {
        "accuracy": 0.6766666666666666,
        "f1": 0.0,
        "roc_auc": null
    },
    "logistic": {
        "accuracy": 0.8275,
        "f1": 0.7076271186440678,
        "roc_auc": 0.8746905312071505
    },
    "decision_tree": {
        "accuracy": 0.8720833333333333,
        "f1": 0.7924273157538878,
        "roc_auc": 0.8950488167182977
    },
    "random_forest": {
        "accuracy": 0.9245833333333333,
        "f1": 0.8774542992552471,
        "roc_auc": 0.9648161755370473
    },
    "hist_gradient_boosting": {
        "accuracy": 0.93,
        "f1": 0.8887417218543047,
        "roc_auc": 0.9694189286983902
    },
    "stacking": {
        "accuracy": 0.9333333333333333,
        "f1": 0.8952879581151832,
        "roc_auc": 0.9696863414758011
    }
}