{
  "model_type": "GRU",
  "input_size": 1,
  "hidden_size": 64,
  "num_layers": 2,
  "dropout": 0.2,
  "batch_size": 32,
  "learning_rate": 0.001,
  "window_size": 30,
  "horizon": 1,
  "epochs": 50,
  "seed": 42,
  "scaler": "StandardScaler",
  "best_val_loss": 0.10159916023689287,
  "test_metrics": {
    "mae": 7.359244346618652,
    "rmse": 9.26388497442277,
    "mape": 4.712847709655762
  }
}