{
  "model_type": "GRU",
  "window_size": 30,
  "hyperparameters": {
    "hidden_size": 64,
    "num_layers": 2,
    "dropout": 0.2,
    "batch_size": 32,
    "learning_rate": 0.001,
    "epochs": 50
  },
  "best_val_loss": 0.0077903544027191985,
  "test_metrics": {
    "mae": 0.897427499294281,
    "rmse": 1.1171843522034162,
    "r2": 0.9566289782524109
  },
  "predictions": [
    2.3351387977600098,
    2.487269878387451,
    2.199404716491699,
    3.1725807189941406,
    2.7567830085754395,
    2.408777952194214,
    2.013519287109375,
    3.136026620864868,
    3.735858678817749,
    4.725194454193115,
    3.6898245811462402,
    3.5300657749176025,
    4.383237361907959,
    4.744165420532227,
    5.690637111663818,
    5.511239528656006,
    6.514466285705566,
    8.62370777130127,
    8.863998413085938,
    8.388567924499512,
    9.365681648254395,
    10.898582458496094,
    10.843416213989258,
    10.361859321594238,
    10.000458717346191,
    8.873608589172363,
    7.828978538513184,
    6.794190883636475,
    5.930819034576416,
    5.692205429077148,
    5.830612659454346,
    7.0645551681518555,
    6.569808483123779,
    7.047484874725342,
    7.016020774841309,
    6.878932952880859,
    7.322448253631592,
    6.530828475952148,
    6.510302543640137,
    6.656881809234619,
    7.028432369232178,
    7.288350582122803,
    9.188454627990723,
    9.163406372070312,
    8.51764965057373,
    7.7812113761901855,
    7.125962734222412,
    6.430011749267578,
    7.148126602172852,
    8.448697090148926,
    8.241388320922852,
    7.338557243347168,
    7.396692276000977,
    6.98716402053833,
    7.2844624519348145,
    7.483946323394775,
    6.232875347137451,
    6.985058307647705,
    8.628893852233887,
    8.46981143951416,
    7.878342628479004,
    7.8615593910217285,
    8.079362869262695,
    8.564868927001953,
    10.145923614501953,
    10.328689575195312,
    9.53712272644043,
    8.11550521850586,
    7.09575080871582,
    6.784554481506348,
    8.073670387268066,
    7.945189952850342,
    7.855469703674316,
    7.71634578704834,
    8.507709503173828,
    10.589242935180664,
    10.605024337768555,
    9.944232940673828,
    10.459150314331055,
    11.084080696105957,
    12.50969409942627,
    13.188268661499023,
    12.89541244506836,
    13.100225448608398,
    13.904537200927734,
    14.609137535095215,
    14.998802185058594,
    15.722692489624023,
    16.63079833984375,
    17.698049545288086,
    18.27467918395996,
    18.149391174316406,
    18.08771324157715,
    18.81739044189453,
    18.35361671447754,
    18.337297439575195,
    17.98164939880371,
    17.792255401611328,
    18.530168533325195,
    18.740848541259766,
    18.663116455078125,
    17.557756423950195,
    17.675029754638672,
    18.098249435424805,
    19.549835205078125,
    19.57750701904297,
    19.532522201538086,
    19.581687927246094,
    20.547040939331055,
    20.620319366455078,
    20.664228439331055,
    20.97174072265625,
    21.06809425354004,
    20.676054000854492,
    20.592309951782227,
    21.190284729003906,
    20.5600528717041,
    20.33588409423828,
    19.729440689086914,
    20.272058486938477,
    19.300600051879883,
    18.498600006103516,
    18.48186492919922,
    19.471710205078125,
    19.55755043029785,
    19.021692276000977,
    20.038808822631836,
    19.25175666809082,
    17.330463409423828,
    17.065650939941406,
    16.639606475830078,
    15.660887718200684,
    15.793578147888184,
    15.932990074157715,
    15.421699523925781,
    14.197017669677734,
    14.416172981262207,
    14.913822174072266,
    14.840170860290527,
    16.00594711303711,
    15.453224182128906,
    13.99035358428955,
    13.001399993896484,
    12.68934154510498,
    12.736745834350586,
    12.470200538635254,
    12.537744522094727,
    11.515904426574707,
    12.209474563598633,
    12.320588111877441,
    13.036208152770996,
    13.387489318847656,
    13.683517456054688,
    14.082337379455566,
    14.425580024719238,
    14.885873794555664,
    15.88439655303955,
    16.202011108398438,
    16.66095542907715,
    16.643396377563477,
    17.56926727294922,
    17.284460067749023,
    18.348289489746094,
    18.567184448242188,
    17.508190155029297,
    17.243698120117188,
    16.700340270996094,
    17.103296279907227,
    16.709400177001953,
    16.189708709716797,
    14.62618637084961,
    13.82419490814209,
    11.79951286315918,
    9.97216796875,
    10.110657691955566,
    10.806396484375,
    11.232982635498047,
    10.479402542114258,
    10.136872291564941,
    10.046778678894043,
    9.102445602416992,
    9.957479476928711,
    10.908843994140625,
    10.904104232788086,
    10.812623023986816,
    10.923118591308594,
    9.364537239074707,
    8.685900688171387,
    8.059840202331543,
    7.113648891448975,
    6.637325763702393,
    7.961760997772217,
    8.86584758758545,
    8.555364608764648
  ],