experiment_id,task,dataset,seed,split_summary,window_size,horizon,model_summary,features_summary,scaler,optimizer,lr,epochs_trained,best_val_mae,best_val_rmse,best_val_mape,test_mae,test_rmse,test_mape,notes
B1,forecasting,synthetic_ts,42,"train=582, val=194, test=194",,1,NaiveLast,last_value,,,,,0.7904713745843881,0.9999894504199964,25.73601387415681,0.7705056196832047,0.9617754022177932,7.724407612292983,
B2,forecasting,synthetic_ts,42,"train=582, val=194, test=194",30.0,1,MovingAvg,ma_7,,,,,1.327633576422308,1.639168459145906,35.87153654239541,1.3390703425693649,1.6806447474722208,12.599397216008082,
B3,forecasting,synthetic_ts,42,"train=582, val=194, test=194",30.0,1,Ridge,lag+rolling,StandardScaler,,,,0.8123254508380112,1.0202180787500883,28.02707815660489,0.7844558192774223,0.9815500716882034,7.732330086748064,
R1,forecasting,synthetic_ts,42,"train=582, val=194, test=194",30.0,1,GRU,window_sequence,StandardScaler,Adam,0.001,50.0,0.8091010451316833,1.0096721790394552,25.091398239135746,0.825904130935669,1.0250706927414774,8.03703784942627,
R1_LSTM_ws15,forecasting,synthetic_ts,42,"train=582, val=194, test=194",15.0,1,LSTM,window_sequence,StandardScaler,Adam,0.001,50,0.008836511456008469,,,0.8494663238525391,1.0693378326538572,8.662687301635742,Optional: LSTM comparison
R1_LSTM_ws30,forecasting,synthetic_ts,42,"train=582, val=194, test=194",30.0,1,LSTM,window_sequence,StandardScaler,Adam,0.001,50,0.008622732728586666,,,0.897654116153717,1.119871902548399,8.771244049072266,Optional: LSTM comparison
R1_LSTM_ws60,forecasting,synthetic_ts,42,"train=582, val=194, test=194",60.0,1,LSTM,window_sequence,StandardScaler,Adam,0.001,50,0.009766792335237065,,,0.9033517241477966,1.1205145639020337,8.522597312927246,Optional: LSTM comparison
B3_RandomForest,forecasting,synthetic_ts,42,"train=582, val=194, test=194",30.0,1,RandomForest,lag+rolling,StandardScaler,,,,11.408551957316162,12.407070171490087,91.15532921963123,11.408551957316162,12.407070171490087,91.15532921963123,Optional: RF vs Ridge
