{
    "dataset_01": {
        "silhouette": 0.5216395622404242,
        "davies_bouldin": 0.6853295219054459,
        "calinski_harabasz": 11786.95462267153,
        "noise_ratio": 0.0
    },
    "dataset_02": {
        "silhouette": 0.3068610017701601,
        "davies_bouldin": 1.3234721699867644,
        "calinski_harabasz": 3573.3933329348392,
        "noise_ratio": 0.0
    },
    "dataset_03": {
        "silhouette": 0.31554470037825183,
        "davies_bouldin": 1.1577256320598661,
        "calinski_harabasz": 6957.162639510166,
        "noise_ratio": 0.0
    }
}