experiment_id,dataset,seed,model_summary,optimizer,lr,momentum,weight_decay,epochs_trained,best_val_accuracy,best_val_loss
E1,EMNIST,42,"[512, 256]/relu",Adam,0.001,0,0,15,0.8431294326241134,0.4966351350148519
E2,EMNIST,42,"[512, 256]/relu/Drop0.3",Adam,0.001,0,0,15,0.8472074468085107,0.47820265314257737
E3,EMNIST,42,"[512, 256]/relu/BN",Adam,0.001,0,0,15,0.8568262411347518,0.433732142051061
E4,EMNIST,42,"[512, 256]/relu/BN",Adam,0.001,0,0,14,0.8568262411347518,0.433732142051061
O1,EMNIST,42,"[512, 256]/relu/Drop0.3",Adam,0.1,0,0,6,0.021675531914893617,3.8644482152681823
O2,EMNIST,42,"[512, 256]/relu/Drop0.3",Adam,1e-05,0,0,6,0.6633421985815603,1.210210295771876
O3,EMNIST,42,"[512, 256]/relu/Drop0.3",SGD,0.01,0.9,0.0001,12,0.855718085106383,0.42837720779662436
